<?xml version="1.0" encoding="UTF-8"?>
<neptuno>
  <articulos>
  
    <articulo>
      <RefArticulo>10</RefArticulo>
      <ReferenciaProveedor>100</ReferenciaProveedor>
      <NombreArticulo>huevos</NombreArticulo>
      <NombreCategoria>alimentación</NombreCategoria>
      <PrecioUnidad>30</PrecioUnidad>
      <UnidadesExistencia>40</UnidadesExistencia>
  </articulo>
  
  <articulo>
      <RefArticulo>20</RefArticulo>
      <ReferenciaProveedor>110</ReferenciaProveedor>
      <NombreArticulo>Microhondas</NombreArticulo>
      <NombreCategoria>Electrodomesticos</NombreCategoria>
      <PrecioUnidad>40</PrecioUnidad>
      <UnidadesExistencia>50</UnidadesExistencia>
  </articulo>
  
  <articulo>
      <RefArticulo>30</RefArticulo>
      <ReferenciaProveedor>130</ReferenciaProveedor>
      <NombreArticulo>Fanta</NombreArticulo>
      <NombreCategoria>Bebidas</NombreCategoria>
      <PrecioUnidad>50</PrecioUnidad>
      <UnidadesExistencia>50</UnidadesExistencia>
  </articulo>
  
  </articulos>
  
<clientes>

<cliente>
    <RefCliente>1</RefCliente>
    <RefPedido></RefPedido>
    <FechaPedido></FechaPedido>
    <NombreCliente>Juan</NombreCliente>
    <DireccionCliente>Taco</DireccionCliente>
    <CiudadCliente>París</CiudadCliente>
    <CodPostalCliente>38206</CodPostalCliente>
    <PaisCliente>Francia</PaisCliente>
    <TelefornoCliente>6666666</TelefornoCliente>
</cliente>

<cliente>
    <RefCliente>2</RefCliente>
    <RefPedido></RefPedido>
    <FechaPedido></FechaPedido>
    <NombreCliente>Pedro</NombreCliente>
    <DireccionCliente>C/ El Laurel, 2</DireccionCliente>
    <CiudadCliente>Madrid</CiudadCliente>
    <CodPostalCliente>30000</CodPostalCliente>
    <PaisCliente>España</PaisCliente>
    <TelefornoCliente>643211234</TelefornoCliente>
</cliente>

<cliente>
    <RefCliente>PICCO</RefCliente>
    <RefPedido>Ped1</RefPedido>
    <FechaPedido>6/2/24</FechaPedido>
    <RefArticulo>30</RefArticulo>
    <NombreCliente>José</NombreCliente>
    <DireccionCliente>C/ El Tope, 2</DireccionCliente>
    <CiudadCliente>Puerto de La Cruz</CiudadCliente>
    <CodPostalCliente>38765</CodPostalCliente>
    <PaisCliente>España</PaisCliente>
    <TelefornoCliente>644561234</TelefornoCliente>
</cliente>

</clientes>

<proveedores>
<proveedor>
    <ReferenciaProveedor>130</ReferenciaProveedor>
    <NombreProveedor>David</NombreProveedor>
    <PaisProveedor>Francia</PaisProveedor>
    <DireccionProveedor>Les Enfants, 30</DireccionProveedor>
    <CodigoPostal>123456</CodigoPostal>
    <TelefonoProveedor>9876543</TelefonoProveedor>
    <CiudadProveedor>Marsella</CiudadProveedor>
  </proveedor>
  
<proveedor>
    <ReferenciaProveedor>200</ReferenciaProveedor>
    <NombreProveedor>Gerardo</NombreProveedor>
    <PaisProveedor>España</PaisProveedor>
    <DireccionProveedor>Gran vía, 30</DireccionProveedor>
    <CodigoPostal>789876</CodigoPostal>
    <TelefonoProveedor>9876587</TelefonoProveedor>
    <CiudadProveedor>Sevilla</CiudadProveedor>
  </proveedor>
  
</proveedores>
</neptuno>  
